,MRT,link
0,EW1 Pasir Ris MRT Station,http://www.propertyguru.com.sg/singapore-property-listing/rent/mrt/8/ew1-pasir-ris-mrt-station
1,EW10 Kallang MRT Station,http://www.propertyguru.com.sg/singapore-property-listing/rent/mrt/35/ew10-kallang-mrt-station
2,EW11 Lavender MRT Station,http://www.propertyguru.com.sg/singapore-property-listing/rent/mrt/38/ew11-lavender-mrt-station
3,EW12 Bugis MRT Station,http://www.propertyguru.com.sg/singapore-property-listing/rent/mrt/41/ew12-bugis-mrt-station
4,EW13 City Hall MRT Station,http://www.propertyguru.com.sg/singapore-property-listing/rent/mrt/1685/ew13-city-hall-mrt-station
5,EW14 Raffles Place MRT Station,http://www.propertyguru.com.sg/singapore-property-listing/rent/mrt/8097/ew14-raffles-place-mrt-station
6,EW15 Tanjong Pagar MRT Station,http://www.propertyguru.com.sg/singapore-property-listing/rent/mrt/50/ew15-tanjong-pagar-mrt-station
7,EW16 Outram Park MRT Station,http://www.propertyguru.com.sg/singapore-property-listing/rent/mrt/53/ew16-outram-park-mrt-station
8,EW17 Tiong Bahru MRT Station,http://www.propertyguru.com.sg/singapore-property-listing/rent/mrt/56/ew17-tiong-bahru-mrt-station
9,EW18 Redhill MRT Station,http://www.propertyguru.com.sg/singapore-property-listing/rent/mrt/59/ew18-redhill-mrt-station
10,EW19 Queenstown MRT Station,http://www.propertyguru.com.sg/singapore-property-listing/rent/mrt/62/ew19-queenstown-mrt-station
11,EW2 Tampines MRT Station,http://www.propertyguru.com.sg/singapore-property-listing/rent/mrt/11/ew2-tampines-mrt-station
12,EW20 Commonwealth MRT Station,http://www.propertyguru.com.sg/singapore-property-listing/rent/mrt/65/ew20-commonwealth-mrt-station
13,EW21 Buona Vista MRT Station,http://www.propertyguru.com.sg/singapore-property-listing/rent/mrt/68/ew21-buona-vista-mrt-station
14,EW22 Dover MRT Station,http://www.propertyguru.com.sg/singapore-property-listing/rent/mrt/71/ew22-dover-mrt-station
15,EW23 Clementi MRT Station,http://www.propertyguru.com.sg/singapore-property-listing/rent/mrt/74/ew23-clementi-mrt-station
16,EW24 Jurong East MRT Station,http://www.propertyguru.com.sg/singapore-property-listing/rent/mrt/8098/ew24-jurong-east-mrt-station
17,EW25 Chinese Garden MRT Station,http://www.propertyguru.com.sg/singapore-property-listing/rent/mrt/80/ew25-chinese-garden-mrt-station
18,EW26 Lakeside MRT Station,http://www.propertyguru.com.sg/singapore-property-listing/rent/mrt/83/ew26-lakeside-mrt-station
19,EW27 Boon Lay MRT Station,http://www.propertyguru.com.sg/singapore-property-listing/rent/mrt/86/ew27-boon-lay-mrt-station
20,EW28 Pioneer MRT Station,http://www.propertyguru.com.sg/singapore-property-listing/rent/mrt/1676/ew28-pioneer-mrt-station
21,EW29 Joo Koon MRT Station,http://www.propertyguru.com.sg/singapore-property-listing/rent/mrt/1679/ew29-joo-koon-mrt-station
22,EW3 Simei MRT Station,http://www.propertyguru.com.sg/singapore-property-listing/rent/mrt/14/ew3-simei-mrt-station
23,EW4 Tanah Merah MRT Station,http://www.propertyguru.com.sg/singapore-property-listing/rent/mrt/17/ew4-tanah-merah-mrt-station
24,EW5 Bedok MRT Station,http://www.propertyguru.com.sg/singapore-property-listing/rent/mrt/20/ew5-bedok-mrt-station
25,EW6 Kembangan MRT Station,http://www.propertyguru.com.sg/singapore-property-listing/rent/mrt/23/ew6-kembangan-mrt-station
26,EW7 Eunos MRT Station,http://www.propertyguru.com.sg/singapore-property-listing/rent/mrt/26/ew7-eunos-mrt-station
27,EW8 Paya Lebar MRT Station,http://www.propertyguru.com.sg/singapore-property-listing/rent/mrt/29/ew8-paya-lebar-mrt-station
28,EW9 Aljunied MRT Station,http://www.propertyguru.com.sg/singapore-property-listing/rent/mrt/32/ew9-aljunied-mrt-station
